analysis,model_role,multiplicity_family,term,effect_measure,estimate,ci_low,ci_high,p_value,n,converged,aic,country,predictor,eligible_years,fdr_q_value,term_english
Exploratory Chile association: insurance_type,exploratory,chile_insurance_type,C(insurance_type)[T.DIPRECA],Adjusted OR,1.5026395160569397,0.989378957195846,2.2821644818638296,0.0561480639348393,52259,True,28246.68896991428,chile,insurance_type,"2015,2016,2017,2018,2019,2020,2021,2022,2023",0.1122961278696787,C(insurance_type)[T.DIPRECA]
Exploratory Chile association: insurance_type,exploratory,chile_insurance_type,C(insurance_type)[T.FONASA],Adjusted OR,1.7032969770201027,1.2273521948909276,2.363804459716346,0.001446560744426,52259,True,28246.68896991428,chile,insurance_type,"2015,2016,2017,2018,2019,2020,2021,2022,2023",0.0043396822332781,C(insurance_type)[T.FONASA]
Exploratory Chile association: insurance_type,exploratory,chile_insurance_type,C(insurance_type)[T.ISAPRE],Adjusted OR,0.7658971051501084,0.5401112206649785,1.0860695968417455,0.1344858988251869,52259,True,28246.68896991428,chile,insurance_type,"2015,2016,2017,2018,2019,2020,2021,2022,2023",0.2017288482377804,C(insurance_type)[T.ISAPRE]
Exploratory Chile association: insurance_type,exploratory,chile_insurance_type,C(insurance_type)[T.NINGUNA],Adjusted OR,1.9579958739425505,1.365941822111759,2.80666993302031,0.000254799797212,52259,True,28246.68896991428,chile,insurance_type,"2015,2016,2017,2018,2019,2020,2021,2022,2023",0.0015287987832722,C(insurance_type)[T.NINGUNA]
Exploratory Chile association: insurance_type,exploratory,chile_insurance_type,C(insurance_type)[T.Other/rare],Adjusted OR,1.2561111734357522,0.8670338309763845,1.819785138318458,0.2279730284518273,52259,True,28246.68896991428,chile,insurance_type,"2015,2016,2017,2018,2019,2020,2021,2022,2023",0.2720203228073383,C(insurance_type)[T.Other/rare]
Exploratory Chile association: insurance_type,exploratory,chile_insurance_type,C(insurance_type)[T.SISA],Adjusted OR,1.346571581587017,0.7918437254282552,2.289915252352466,0.2720203228073383,52259,True,28246.68896991428,chile,insurance_type,"2015,2016,2017,2018,2019,2020,2021,2022,2023",0.2720203228073383,C(insurance_type)[T.SISA]
Exploratory Chile association: facility_sector,exploratory,chile_facility_sector,"C(facility_sector)[T.Pertenecientes al Sistema Nacional de Servicios de Salud, SNSS]",Adjusted OR,2.8340451587966045,2.5871572560709755,3.1044931432950853,3.8897717888520464e-111,52259,True,27828.40657265078,chile,facility_sector,"2015,2016,2017,2018,2019,2020,2021,2022,2023",3.8897717888520464e-111,"C(facility_sector)[T.Pertenecientes al Sistema Nacional de Servicios de Salud, SNSS]"
Exploratory Chile association: ethnicity,exploratory,chile_ethnicity,C(ethnicity)[T.Si se identifica con alguna etnia],Adjusted OR,0.9599249278425572,0.8047805019771092,1.144977872637064,0.6493010265765357,47277,True,25240.718433968443,chile,ethnicity,"2015,2016,2017,2018,2019,2020,2022,2023",0.6493010265765357,C(ethnicity)[T.Identifies with an ethnic group]
Exploratory Chile association: any_surgical_intervention,exploratory,chile_any_surgical_intervention,C(any_surgical_intervention)[T.1],Adjusted OR,1.4688953954958566,1.322819923094424,1.6311015923177277,6.251597041685128e-13,35870,True,18501.163643819436,chile,any_surgical_intervention,"2015,2016,2017,2018,2019,2020",6.251597041685128e-13,C(any_surgical_intervention)[T.1]
Exploratory Chile association: residence_region,exploratory,chile_residence_region,C(residence_region)[T.De Los Lagos],Adjusted OR,1.5882351739915277,1.3123849059676735,1.9220664276414892,2.0062738160352574e-06,52259,True,28393.34648199929,chile,residence_region,"2015,2016,2017,2018,2019,2020,2021,2022,2023",4.514116086079329e-06,C(residence_region)[T.De Los Lagos]
Exploratory Chile association: residence_region,exploratory,chile_residence_region,C(residence_region)[T.De Los Ríos],Adjusted OR,1.4146274013012246,1.125121025958935,1.7786270439721523,0.0029869946777918,52259,True,28393.34648199929,chile,residence_region,"2015,2016,2017,2018,2019,2020,2021,2022,2023",0.0033603690125158,C(residence_region)[T.De Los Ríos]
Exploratory Chile association: residence_region,exploratory,chile_residence_region,C(residence_region)[T.De Valparaíso],Adjusted OR,1.7632165720763646,1.4891636279066498,2.087703877387216,4.695817426273544e-11,52259,True,28393.34648199929,chile,residence_region,"2015,2016,2017,2018,2019,2020,2021,2022,2023",4.226235683646189e-10,C(residence_region)[T.De Valparaíso]
Exploratory Chile association: residence_region,exploratory,chile_residence_region,C(residence_region)[T.De Ñuble],Adjusted OR,1.6797813351811322,1.3421409185683442,2.1023614547366347,5.893275242156037e-06,52259,True,28393.34648199929,chile,residence_region,"2015,2016,2017,2018,2019,2020,2021,2022,2023",1.0607895435880866e-05,C(residence_region)[T.De Ñuble]
Exploratory Chile association: residence_region,exploratory,chile_residence_region,C(residence_region)[T.Del Bíobío],Adjusted OR,1.3856809244332289,1.1614820528169068,1.6531565164363409,0.0002919526621299,52259,True,28393.34648199929,chile,residence_region,"2015,2016,2017,2018,2019,2020,2021,2022,2023",0.0003753677084527,C(residence_region)[T.Del Bíobío]
Exploratory Chile association: residence_region,exploratory,chile_residence_region,C(residence_region)[T.Del Libertador B. O'Higgins],Adjusted OR,1.2531012239756258,1.021263877130552,1.5375680200705653,0.0306532762805827,52259,True,28393.34648199929,chile,residence_region,"2015,2016,2017,2018,2019,2020,2021,2022,2023",0.0306532762805827,C(residence_region)[T.Del Libertador B. O'Higgins]
Exploratory Chile association: residence_region,exploratory,chile_residence_region,C(residence_region)[T.Del Maule],Adjusted OR,1.4751827932379784,1.2157752641611963,1.789939586381379,8.147686265037154e-05,52259,True,28393.34648199929,chile,residence_region,"2015,2016,2017,2018,2019,2020,2021,2022,2023",0.0001222152939755,C(residence_region)[T.Del Maule]
Exploratory Chile association: residence_region,exploratory,chile_residence_region,C(residence_region)[T.Metropolitana de Santiago],Adjusted OR,1.5230214383578795,1.3192293682505631,1.7582949239325465,9.464732891946737e-09,52259,True,28393.34648199929,chile,residence_region,"2015,2016,2017,2018,2019,2020,2021,2022,2023",4.259129801376031e-08,C(residence_region)[T.Metropolitana de Santiago]
Exploratory Chile association: residence_region,exploratory,chile_residence_region,C(residence_region)[T.Other/rare],Adjusted OR,1.5200745027901488,1.2888445970259237,1.7927890603449086,6.563123387646609e-07,52259,True,28393.34648199929,chile,residence_region,"2015,2016,2017,2018,2019,2020,2021,2022,2023",1.968937016293983e-06,C(residence_region)[T.Other/rare]
Exploratory Ecuador association: facility_sector,exploratory,equador_facility_sector,C(facility_sector_label)[T.Privado sin fines de lucro],Adjusted OR,1.6620905952214964,1.398978679686069,1.9746870962634424,7.542025237344791e-09,46753,True,23988.39657360039,equador,facility_sector,"2015,2016,2017,2018,2019,2020,2021,2022,2023",1.5084050474689583e-08,C(facility_sector_label)[T.Privado sin fines de lucro]
Exploratory Ecuador association: facility_sector,exploratory,equador_facility_sector,C(facility_sector_label)[T.Público],Adjusted OR,1.1167617001486738,1.0329157496273518,1.2074137657102209,0.0055500122791915,46753,True,23988.39657360039,equador,facility_sector,"2015,2016,2017,2018,2019,2020,2021,2022,2023",0.0055500122791915,C(facility_sector_label)[T.Público]
Exploratory Ecuador association: facility_class,exploratory,equador_facility_class,C(facility_class_label)[T.Hospital básico],Adjusted OR,0.2716085529388554,0.2234234053136148,0.3301856666538043,4.236022571716859e-39,46753,True,23682.759505996848,equador,facility_class,"2015,2016,2017,2018,2019,2020,2021,2022,2023",1.6944090286867435e-38,C(facility_class_label)[T.Hospital básico]
Exploratory Ecuador association: facility_class,exploratory,equador_facility_class,C(facility_class_label)[T.Hospital de especialidades],Adjusted OR,1.0444225541640029,0.9283575689642354,1.1749981990920602,0.4695912585923827,46753,True,23682.759505996848,equador,facility_class,"2015,2016,2017,2018,2019,2020,2021,2022,2023",0.4695912585923827,C(facility_class_label)[T.Hospital de especialidades]
Exploratory Ecuador association: facility_class,exploratory,equador_facility_class,C(facility_class_label)[T.Hospital general],Adjusted OR,1.0613571413536895,0.9537918452650366,1.1810532739346848,0.274736245529655,46753,True,23682.759505996848,equador,facility_class,"2015,2016,2017,2018,2019,2020,2021,2022,2023",0.36631499403954,C(facility_class_label)[T.Hospital general]
Exploratory Ecuador association: facility_class,exploratory,equador_facility_class,C(facility_class_label)[T.Other/rare],Adjusted OR,1.6097346496806262,1.1745332683829617,2.206191780288953,0.0030735017393755,46753,True,23682.759505996848,equador,facility_class,"2015,2016,2017,2018,2019,2020,2021,2022,2023",0.006147003478751,C(facility_class_label)[T.Other/rare]
Exploratory Ecuador association: facility_type,exploratory,equador_facility_type,C(facility_type_label)[T.Clínicas generales sin especialidad],Adjusted OR,0.948272211192394,0.8555306207198895,1.051067214593746,0.3117883560614854,46753,True,23673.84942031301,equador,facility_type,"2015,2016,2017,2018,2019,2020,2021,2022,2023",0.3117883560614854,C(facility_type_label)[T.Clínicas generales sin especialidad]
Exploratory Ecuador association: facility_type,exploratory,equador_facility_type,C(facility_type_label)[T.Crónico],Adjusted OR,2.115544024944484,1.482865263753476,3.018161279299046,3.579636092682196e-05,46753,True,23673.84942031301,equador,facility_type,"2015,2016,2017,2018,2019,2020,2021,2022,2023",4.772848123576261e-05,C(facility_type_label)[T.Crónico]
Exploratory Ecuador association: facility_type,exploratory,equador_facility_type,C(facility_type_label)[T.Other/rare],Adjusted OR,1.6931279343217546e-08,2.3748335300157917e-09,1.2071086944614552e-07,2.633805199132119e-71,46753,True,23673.84942031301,equador,facility_type,"2015,2016,2017,2018,2019,2020,2021,2022,2023",1.0535220796528476e-70,C(facility_type_label)[T.Other/rare]
Exploratory Ecuador association: facility_type,exploratory,equador_facility_type,C(facility_type_label)[T.Sin tipo hospitales básicos],Adjusted OR,0.2574773620169954,0.2155978413217971,0.3074919096814188,9.820582316685396e-51,46753,True,23673.84942031301,equador,facility_type,"2015,2016,2017,2018,2019,2020,2021,2022,2023",1.9641164633370797e-50,C(facility_type_label)[T.Sin tipo hospitales básicos]
Exploratory Ecuador association: facility_entity,exploratory,equador_facility_entity,C(facility_entity_label)[T.Junta Beneficencia de Guayaquil],Adjusted OR,3.421465782866673,2.7693742954390017,4.227102173443026,4.093996773767217e-30,46753,True,23860.13319743681,equador,facility_entity,"2015,2016,2017,2018,2019,2020,2021,2022,2023",2.865797741637052e-29,C(facility_entity_label)[T.Junta Beneficencia de Guayaquil]
Exploratory Ecuador association: facility_entity,exploratory,equador_facility_entity,C(facility_entity_label)[T.Ministerio de Defensa Nacional],Adjusted OR,0.7834629608728726,0.5392986903965546,1.1381711507742422,0.2002895328458207,46753,True,23860.13319743681,equador,facility_entity,"2015,2016,2017,2018,2019,2020,2021,2022,2023",0.280405345984149,C(facility_entity_label)[T.Ministerio de Defensa Nacional]
Exploratory Ecuador association: facility_entity,exploratory,equador_facility_entity,C(facility_entity_label)[T.Ministerio de Salud Pública],Adjusted OR,1.541802369518924,1.3815898746274342,1.7205934918241952,1.040859708900666e-14,46753,True,23860.13319743681,equador,facility_entity,"2015,2016,2017,2018,2019,2020,2021,2022,2023",3.64300898115233e-14,C(facility_entity_label)[T.Ministerio de Salud Pública]
Exploratory Ecuador association: facility_entity,exploratory,equador_facility_entity,C(facility_entity_label)[T.Other/rare],Adjusted OR,1.464646886307572,0.924140371161527,2.3212821001145465,0.1043344999918037,46753,True,23860.13319743681,equador,facility_entity,"2015,2016,2017,2018,2019,2020,2021,2022,2023",0.1825853749856566,C(facility_entity_label)[T.Other/rare]
Exploratory Ecuador association: facility_entity,exploratory,equador_facility_entity,C(facility_entity_label)[T.Otros públicos],Adjusted OR,1.294134489354941,0.8083646890355122,2.071817459686688,0.2828665383087939,46753,True,23860.13319743681,equador,facility_entity,"2015,2016,2017,2018,2019,2020,2021,2022,2023",0.3300109613602596,C(facility_entity_label)[T.Otros públicos]
Exploratory Ecuador association: facility_entity,exploratory,equador_facility_entity,C(facility_entity_label)[T.Privados con fines de lucro],Adjusted OR,1.2161599364031477,1.0817913015342038,1.3672184170962698,0.0010526477364573,46753,True,23860.13319743681,equador,facility_entity,"2015,2016,2017,2018,2019,2020,2021,2022,2023",0.0024561780517337,C(facility_entity_label)[T.Privados con fines de lucro]
Exploratory Ecuador association: facility_entity,exploratory,equador_facility_entity,C(facility_entity_label)[T.Privados sin fines de lucro],Adjusted OR,0.8830938778391076,0.6369651988005747,1.2243287365548443,0.4557790916572549,46753,True,23860.13319743681,equador,facility_entity,"2015,2016,2017,2018,2019,2020,2021,2022,2023",0.4557790916572549,C(facility_entity_label)[T.Privados sin fines de lucro]
Exploratory Ecuador association: ethnicity,exploratory,equador_ethnicity,C(ethnicity_label)[T.Ignorado/a],Adjusted OR,0.9974045870353162,0.545633797485132,1.8232300030245057,0.993262694393995,46753,True,23979.962440927324,equador,ethnicity,"2015,2016,2017,2018,2019,2020,2021,2022,2023",0.993262694393995,C(ethnicity_label)[T.Ignorado/a]
Exploratory Ecuador association: ethnicity,exploratory,equador_ethnicity,C(ethnicity_label)[T.Indígena],Adjusted OR,1.4697690516369746,0.78381986547473,2.756017243632231,0.2299078352905554,46753,True,23979.962440927324,equador,ethnicity,"2015,2016,2017,2018,2019,2020,2021,2022,2023",0.3767034647094671,C(ethnicity_label)[T.Indígena]
Exploratory Ecuador association: ethnicity,exploratory,equador_ethnicity,C(ethnicity_label)[T.Mestizo/a],Adjusted OR,1.4106430641914571,0.783843659258303,2.538661671938995,0.2511356431396447,46753,True,23979.962440927324,equador,ethnicity,"2015,2016,2017,2018,2019,2020,2021,2022,2023",0.3767034647094671,C(ethnicity_label)[T.Mestizo/a]
Exploratory Ecuador association: ethnicity,exploratory,equador_ethnicity,C(ethnicity_label)[T.Other/rare],Adjusted OR,1.9835653665391213,0.9889874325211596,3.9783433377949406,0.0537583332181634,46753,True,23979.962440927324,equador,ethnicity,"2015,2016,2017,2018,2019,2020,2021,2022,2023",0.2070613174919737,C(ethnicity_label)[T.Other/rare]
Exploratory Ecuador association: ethnicity,exploratory,equador_ethnicity,C(ethnicity_label)[T.Otro/a],Adjusted OR,1.7537409778247677,0.95717332873767,3.2132188862365343,0.0690204391639912,46753,True,23979.962440927324,equador,ethnicity,"2015,2016,2017,2018,2019,2020,2021,2022,2023",0.2070613174919737,C(ethnicity_label)[T.Otro/a]
Exploratory Ecuador association: ethnicity,exploratory,equador_ethnicity,C(ethnicity_label)[T.Sin información],Adjusted OR,0.7722269612877133,0.3839171148020021,1.5532896470302022,0.4685067964990047,46753,True,23979.962440927324,equador,ethnicity,"2015,2016,2017,2018,2019,2020,2021,2022,2023",0.5622081557988057,C(ethnicity_label)[T.Sin información]
Exploratory Ecuador association: hospital_region,exploratory,equador_hospital_region,C(hospital_region)[T.07],Adjusted OR,0.7500134985957013,0.6031145796311324,0.9326921733840426,0.0096961869786239,46753,True,23612.595057777067,equador,hospital_region,"2015,2016,2017,2018,2019,2020,2021,2022,2023",0.0145442804679359,C(hospital_region)[T.07]
Exploratory Ecuador association: hospital_region,exploratory,equador_hospital_region,C(hospital_region)[T.09],Adjusted OR,1.4111420576009135,1.2118672138354405,1.643184900124332,9.252502247974805e-06,46753,True,23612.595057777067,equador,hospital_region,"2015,2016,2017,2018,2019,2020,2021,2022,2023",1.665450404635465e-05,C(hospital_region)[T.09]
Exploratory Ecuador association: hospital_region,exploratory,equador_hospital_region,C(hospital_region)[T.13],Adjusted OR,0.8903107165605245,0.7109336867349528,1.1149467057368854,0.3114813582791975,46753,True,23612.595057777067,equador,hospital_region,"2015,2016,2017,2018,2019,2020,2021,2022,2023",0.3114813582791975,C(hospital_region)[T.13]
Exploratory Ecuador association: hospital_region,exploratory,equador_hospital_region,C(hospital_region)[T.17],Adjusted OR,0.6052290209933605,0.5179662085757495,0.707193175515835,2.5952633842525663e-10,46753,True,23612.595057777067,equador,hospital_region,"2015,2016,2017,2018,2019,2020,2021,2022,2023",1.0322618440002471e-09,C(hospital_region)[T.17]
Exploratory Ecuador association: hospital_region,exploratory,equador_hospital_region,C(hospital_region)[T.18],Adjusted OR,1.140041195599426,0.9248234932885186,1.4053426811664065,0.2195128262166045,46753,True,23612.595057777067,equador,hospital_region,"2015,2016,2017,2018,2019,2020,2021,2022,2023",0.24695192949368,C(hospital_region)[T.18]
Exploratory Ecuador association: hospital_region,exploratory,equador_hospital_region,C(hospital_region)[T.23],Adjusted OR,0.4845138687083368,0.3757957197252465,0.6246843075869879,2.28168472242584e-08,46753,True,23612.595057777067,equador,hospital_region,"2015,2016,2017,2018,2019,2020,2021,2022,2023",5.13379062545814e-08,C(hospital_region)[T.23]
Exploratory Ecuador association: hospital_region,exploratory,equador_hospital_region,C(hospital_region)[T.Guayas],Adjusted OR,1.2630084268498216,0.9987907809833858,1.5971215560510827,0.0511928024101828,46753,True,23612.595057777067,equador,hospital_region,"2015,2016,2017,2018,2019,2020,2021,2022,2023",0.0658193173845208,C(hospital_region)[T.Guayas]
Exploratory Ecuador association: hospital_region,exploratory,equador_hospital_region,C(hospital_region)[T.Other/rare],Adjusted OR,0.5953049126265983,0.5063005283413868,0.6999556965866055,3.440872813334157e-10,46753,True,23612.595057777067,equador,hospital_region,"2015,2016,2017,2018,2019,2020,2021,2022,2023",1.0322618440002471e-09,C(hospital_region)[T.Other/rare]
Exploratory Ecuador association: hospital_region,exploratory,equador_hospital_region,C(hospital_region)[T.Pichincha],Adjusted OR,0.4361802524981256,0.3400507561869837,0.5594847510490877,6.494890322213837e-11,46753,True,23612.595057777067,equador,hospital_region,"2015,2016,2017,2018,2019,2020,2021,2022,2023",5.845401289992452e-10,C(hospital_region)[T.Pichincha]
Exploratory Ecuador association: residence_region,exploratory,equador_residence_region,C(residence_region)[T.07],Adjusted OR,0.7892019309605225,0.6289058356477996,0.9903544418382858,0.0409896244735028,46753,True,23702.37221500758,equador,residence_region,"2015,2016,2017,2018,2019,2020,2021,2022,2023",0.0614844367102543,C(residence_region)[T.07]
Exploratory Ecuador association: residence_region,exploratory,equador_residence_region,C(residence_region)[T.09],Adjusted OR,1.4430953553467891,1.2218283564242531,1.7044327001200852,1.5659692986579596e-05,46753,True,23702.37221500758,equador,residence_region,"2015,2016,2017,2018,2019,2020,2021,2022,2023",4.6979078959738784e-05,C(residence_region)[T.09]
Exploratory Ecuador association: residence_region,exploratory,equador_residence_region,C(residence_region)[T.12],Adjusted OR,0.888597469335871,0.7008370673085862,1.1266605311594375,0.3294380403107806,46753,True,23702.37221500758,equador,residence_region,"2015,2016,2017,2018,2019,2020,2021,2022,2023",0.3706177953496282,C(residence_region)[T.12]
Exploratory Ecuador association: residence_region,exploratory,equador_residence_region,C(residence_region)[T.13],Adjusted OR,0.986070721465108,0.795840917642847,1.2217711431709493,0.8979321344342586,46753,True,23702.37221500758,equador,residence_region,"2015,2016,2017,2018,2019,2020,2021,2022,2023",0.8979321344342586,C(residence_region)[T.13]
Exploratory Ecuador association: residence_region,exploratory,equador_residence_region,C(residence_region)[T.17],Adjusted OR,0.5565867858219757,0.4673948330776599,0.662799047460084,4.8484047679996844e-11,46753,True,23702.37221500758,equador,residence_region,"2015,2016,2017,2018,2019,2020,2021,2022,2023",4.3635642911997154e-10,C(residence_region)[T.17]
Exploratory Ecuador association: residence_region,exploratory,equador_residence_region,C(residence_region)[T.18],Adjusted OR,1.1473853236578462,0.9183071404302448,1.4336086729420592,0.2262977360027654,46753,True,23702.37221500758,equador,residence_region,"2015,2016,2017,2018,2019,2020,2021,2022,2023",0.2909542320035556,C(residence_region)[T.18]
Exploratory Ecuador association: residence_region,exploratory,equador_residence_region,C(residence_region)[T.Guayas],Adjusted OR,1.38482704365356,1.089734178996396,1.7598291196119311,0.0077494906319785,46753,True,23702.37221500758,equador,residence_region,"2015,2016,2017,2018,2019,2020,2021,2022,2023",0.0139490831375613,C(residence_region)[T.Guayas]
Exploratory Ecuador association: residence_region,exploratory,equador_residence_region,C(residence_region)[T.Other/rare],Adjusted OR,0.7574640733847393,0.6431976767943697,0.892030309139363,0.0008703263068195,46753,True,23702.37221500758,equador,residence_region,"2015,2016,2017,2018,2019,2020,2021,2022,2023",0.0019582341903439,C(residence_region)[T.Other/rare]
Exploratory Ecuador association: residence_region,exploratory,equador_residence_region,C(residence_region)[T.Pichincha],Adjusted OR,0.454270485174532,0.3486942426962644,0.5918126783654967,5.003132044887858e-09,46753,True,23702.37221500758,equador,residence_region,"2015,2016,2017,2018,2019,2020,2021,2022,2023",2.2514094201995364e-08,C(residence_region)[T.Pichincha]
Exploratory Ecuador association: residence_area,exploratory,equador_residence_area,C(residence_area_label)[T.1.0],Adjusted OR,0.5040764909492866,0.0,inf,0.999999853827312,46753,False,24021.157949837645,equador,residence_area,"2015,2016,2017,2018,2019,2020,2021,2022,2023",0.999999854102694,C(residence_area_label)[T.1.0]
Exploratory Ecuador association: residence_area,exploratory,equador_residence_area,C(residence_area_label)[T.2],Adjusted OR,0.903501746137928,0.7632994621910562,1.0694562825067977,0.2382098412011818,46753,False,24021.157949837645,equador,residence_area,"2015,2016,2017,2018,2019,2020,2021,2022,2023",0.999999854102694,C(residence_area_label)[T.2]
Exploratory Ecuador association: residence_area,exploratory,equador_residence_area,C(residence_area_label)[T.2.0],Adjusted OR,0.4703526271314301,0.0,inf,0.999999842975044,46753,False,24021.157949837645,equador,residence_area,"2015,2016,2017,2018,2019,2020,2021,2022,2023",0.999999854102694,C(residence_area_label)[T.2.0]
Exploratory Ecuador association: residence_area,exploratory,equador_residence_area,C(residence_area_label)[T.Rural],Adjusted OR,0.670057332335237,0.0,inf,0.999999738978258,46753,False,24021.157949837645,equador,residence_area,"2015,2016,2017,2018,2019,2020,2021,2022,2023",0.999999854102694,C(residence_area_label)[T.Rural]
Exploratory Ecuador association: residence_area,exploratory,equador_residence_area,C(residence_area_label)[T.Urbana],Adjusted OR,0.7118778541311018,0.0,inf,0.999999854102694,46753,False,24021.157949837645,equador,residence_area,"2015,2016,2017,2018,2019,2020,2021,2022,2023",0.999999854102694,C(residence_area_label)[T.Urbana]
