analysis,model_role,multiplicity_family,term,effect_measure,estimate,ci_low,ci_high,p_value,n,converged,aic,country,year,fdr_q_value
Adjusted annual mortality event study: Brazil,supplementary,event_study_brasil,"C(year, Treatment(reference='2019'))[T.2015]",Adjusted OR,1.0740080911824863,1.0042434514407694,1.148619269829992,0.03720247364198339,754674,True,497043.78170599975,brasil,2015,0.0459459853981623
Adjusted annual mortality event study: Brazil,supplementary,event_study_brasil,"C(year, Treatment(reference='2019'))[T.2016]",Adjusted OR,1.1120137999616209,1.048696247308385,1.179154301809426,0.00038582687057866317,754674,True,497043.78170599975,brasil,2016,0.0030866149646293054
Adjusted annual mortality event study: Brazil,supplementary,event_study_brasil,"C(year, Treatment(reference='2019'))[T.2017]",Adjusted OR,1.0636180850937937,1.0124556224640309,1.117365942603355,0.014202026695332484,754674,True,497043.78170599975,brasil,2017,0.022723242712531976
Adjusted annual mortality event study: Brazil,supplementary,event_study_brasil,"C(year, Treatment(reference='2019'))[T.2018]",Adjusted OR,1.0457889880036164,1.002003002276079,1.0914883537727074,0.040202737223392015,754674,True,497043.78170599975,brasil,2018,0.0459459853981623
Adjusted annual mortality event study: Brazil,supplementary,event_study_brasil,"C(year, Treatment(reference='2019'))[T.2020]",Adjusted OR,1.0563264671516186,1.0149089960029871,1.099434145917981,0.00725017681324069,754674,True,497043.78170599975,brasil,2020,0.019333804835308506
Adjusted annual mortality event study: Brazil,supplementary,event_study_brasil,"C(year, Treatment(reference='2019'))[T.2021]",Adjusted OR,1.0722109296074558,1.0149085853940567,1.1327485983610213,0.012844645878582046,754674,True,497043.78170599975,brasil,2021,0.022723242712531976
Adjusted annual mortality event study: Brazil,supplementary,event_study_brasil,"C(year, Treatment(reference='2019'))[T.2022]",Adjusted OR,0.9798820468908696,0.9314687674226629,1.0308116164493515,0.43179542045251995,754674,True,497043.78170599975,brasil,2022,0.43179542045251995
Adjusted annual mortality event study: Brazil,supplementary,event_study_brasil,"C(year, Treatment(reference='2019'))[T.2023]",Adjusted OR,0.9291697594351735,0.8820628152237273,0.9787924702730334,0.005649320443940505,754674,True,497043.78170599975,brasil,2023,0.019333804835308506
Adjusted annual mortality event study: Mexico,supplementary,event_study_mexico,"C(year, Treatment(reference='2019'))[T.2015]",Adjusted OR,1.1155328630704886,0.9736080256024786,1.2781463749954047,0.11531883029956543,187696,True,126890.49170836335,mexico,2015,0.13179294891378907
Adjusted annual mortality event study: Mexico,supplementary,event_study_mexico,"C(year, Treatment(reference='2019'))[T.2016]",Adjusted OR,1.127757752664135,0.9886598329405312,1.286425832544734,0.07342933121220996,187696,True,126890.49170836335,mexico,2016,0.11748692993953594
Adjusted annual mortality event study: Mexico,supplementary,event_study_mexico,"C(year, Treatment(reference='2019'))[T.2017]",Adjusted OR,1.1254570757887339,0.9771709563783978,1.296245678583627,0.10108952700782947,187696,True,126890.49170836335,mexico,2017,0.13179294891378907
Adjusted annual mortality event study: Mexico,supplementary,event_study_mexico,"C(year, Treatment(reference='2019'))[T.2018]",Adjusted OR,0.9837264511679097,0.8822922738044157,1.0968221749858946,0.7676097626154206,187696,True,126890.49170836335,mexico,2018,0.7676097626154206
Adjusted annual mortality event study: Mexico,supplementary,event_study_mexico,"C(year, Treatment(reference='2019'))[T.2020]",Adjusted OR,1.191292928559278,1.090439663585006,1.3014739733233371,0.00010517441517587192,187696,True,126890.49170836335,mexico,2020,0.0008413953214069754
Adjusted annual mortality event study: Mexico,supplementary,event_study_mexico,"C(year, Treatment(reference='2019'))[T.2021]",Adjusted OR,1.2397366687528188,1.0993533337490686,1.3980464339057987,0.0004569730993439621,187696,True,126890.49170836335,mexico,2021,0.0018278923973758484
Adjusted annual mortality event study: Mexico,supplementary,event_study_mexico,"C(year, Treatment(reference='2019'))[T.2022]",Adjusted OR,1.1734880693840455,1.0496491146117708,1.3119377035782354,0.00493047201142932,187696,True,126890.49170836335,mexico,2022,0.01314792536381152
Adjusted annual mortality event study: Mexico,supplementary,event_study_mexico,"C(year, Treatment(reference='2019'))[T.2023]",Adjusted OR,1.1227796592477295,1.0049190881392742,1.2544633474468672,0.04068884316767034,187696,True,126890.49170836335,mexico,2023,0.08137768633534068
Adjusted annual mortality event study: Chile,supplementary,event_study_chile,"C(year, Treatment(reference='2019'))[T.2015]",Adjusted OR,1.014735994519299,0.8864700748296707,1.1615610812027908,0.8319778928598668,52259,True,28432.966240295857,chile,2015,0.9561169191976808
Adjusted annual mortality event study: Chile,supplementary,event_study_chile,"C(year, Treatment(reference='2019'))[T.2016]",Adjusted OR,0.9803706970424122,0.8554719484160607,1.12350464021525,0.7755527181040827,52259,True,28432.966240295857,chile,2016,0.9561169191976808
Adjusted annual mortality event study: Chile,supplementary,event_study_chile,"C(year, Treatment(reference='2019'))[T.2017]",Adjusted OR,1.0041577908991004,0.8762035525397072,1.1507975128617915,0.9524252097442192,52259,True,28432.966240295857,chile,2017,0.9561169191976808
Adjusted annual mortality event study: Chile,supplementary,event_study_chile,"C(year, Treatment(reference='2019'))[T.2018]",Adjusted OR,1.0038490375469027,0.8754730106266188,1.1510496359705862,0.9561169191976808,52259,True,28432.966240295857,chile,2018,0.9561169191976808
Adjusted annual mortality event study: Chile,supplementary,event_study_chile,"C(year, Treatment(reference='2019'))[T.2020]",Adjusted OR,1.1472251138587535,0.9999273300819896,1.3162211115484899,0.050121280658440945,52259,True,28432.966240295857,chile,2020,0.1336567484225092
Adjusted annual mortality event study: Chile,supplementary,event_study_chile,"C(year, Treatment(reference='2019'))[T.2021]",Adjusted OR,1.329470008917786,1.1630438272023178,1.5197110059588437,2.999935448122956e-05,52259,True,28432.966240295857,chile,2021,0.00023999483584983647
Adjusted annual mortality event study: Chile,supplementary,event_study_chile,"C(year, Treatment(reference='2019'))[T.2022]",Adjusted OR,1.2022513895251492,1.0527690044536306,1.372958737862248,0.006546461633876533,52259,True,28432.966240295857,chile,2022,0.02618584653550613
Adjusted annual mortality event study: Chile,supplementary,event_study_chile,"C(year, Treatment(reference='2019'))[T.2023]",Adjusted OR,0.9742387994854238,0.850885745799102,1.1154743666923481,0.7055421894947218,52259,True,28432.966240295857,chile,2023,0.9561169191976808
Adjusted annual mortality event study: Ecuador,supplementary,event_study_equador,"C(year, Treatment(reference='2019'))[T.2015]",Adjusted OR,0.9912401287815634,0.8498283149846253,1.1561829319898178,0.9107958111903658,46753,True,24017.768284641963,equador,2015,0.9107958111903658
Adjusted annual mortality event study: Ecuador,supplementary,event_study_equador,"C(year, Treatment(reference='2019'))[T.2016]",Adjusted OR,1.1263343622088808,0.9700458638704629,1.3078032109025057,0.11853780434717102,46753,True,24017.768284641963,equador,2016,0.15805040579622803
Adjusted annual mortality event study: Ecuador,supplementary,event_study_equador,"C(year, Treatment(reference='2019'))[T.2017]",Adjusted OR,1.208401191268383,1.0418412964116874,1.401589132709739,0.012361245934351553,46753,True,24017.768284641963,equador,2017,0.03296332249160414
Adjusted annual mortality event study: Ecuador,supplementary,event_study_equador,"C(year, Treatment(reference='2019'))[T.2018]",Adjusted OR,1.1131270123669745,0.9563328419360677,1.2956281446453337,0.16649299762659753,46753,True,24017.768284641963,equador,2018,0.19027771157325432
Adjusted annual mortality event study: Ecuador,supplementary,event_study_equador,"C(year, Treatment(reference='2019'))[T.2020]",Adjusted OR,1.3063373090874055,1.119166513531326,1.5248107805952125,0.0007069500166134755,46753,True,24017.768284641963,equador,2020,0.005655600132907804
Adjusted annual mortality event study: Ecuador,supplementary,event_study_equador,"C(year, Treatment(reference='2019'))[T.2021]",Adjusted OR,1.2269298927169894,1.0503132068275098,1.4332457707444062,0.009909260586029122,46753,True,24017.768284641963,equador,2021,0.03296332249160414
Adjusted annual mortality event study: Ecuador,supplementary,event_study_equador,"C(year, Treatment(reference='2019'))[T.2022]",Adjusted OR,1.1775985140399354,1.0144660965373247,1.366963632399757,0.03165468709755391,46753,True,24017.768284641963,equador,2022,0.06330937419510782
Adjusted annual mortality event study: Ecuador,supplementary,event_study_equador,"C(year, Treatment(reference='2019'))[T.2023]",Adjusted OR,1.1293755259404352,0.9758234630626875,1.3070899879677276,0.10273601409865582,46753,True,24017.768284641963,equador,2023,0.15805040579622803
